{
  "name": "Incident",
  "form": "e01bfeea-cdba-4f0f-b8d9-c961fe870b41",
  "blocks": [
    {
      "id": "a492205b-f8e3-420e-90ca-548020d2be43",
      "label": "Acknowledge",
      "environment": "HOSTED",
      "presentation": "{}",
      "step": "403c0adb-3426-4f0e-8d22-76e5dca035e6",
      "stepType": "INTEGRATION"
    },
    {
      "id": "0d8cf333-744a-44df-b779-ba39e2a5ff19",
      "label": "Escalate",
      "environment": "HOSTED",
      "presentation": "{}",
      "step": "c55284c7-b7db-4198-a41f-021ad0763bf2",
      "stepType": "INTEGRATION"
    },
    {
      "id": "dd4654f4-7ed5-4855-82ae-a3756a4963ab",
      "label": "Incident - Inbound from Standard Fusion",
      "environment": "HOSTED",
      "presentation": "{\"w\":60,\"x\":-27,\"h\":60,\"y\":-255}",
      "step": "15998acf-0056-40f5-a4fb-3d70885692c2",
      "stepType": "INTEGRATION"
    },
    {
      "id": "579fc23b-34c3-40d9-a820-5b0302599268",
      "label": "New or Update?",
      "environment": "HOSTED",
      "presentation": "{\"w\":60,\"x\":210,\"h\":60,\"y\":-240}",
      "stepType": "SWITCH",
      "inputMappings": [
        {
          "inputPort": "input",
          "mapping": "${dd4654f4-7ed5-4855-82ae-a3756a4963ab.Status}"
        }
      ],
      "switchCases": [
        {
          "caseId": "1981802f-884c-4ba0-8525-0972d3ef8578",
          "caseValue": "Open"
        },
        {
          "caseId": "34dfe880-e5ab-4433-9d15-3fc561e8881d",
          "caseValue": "Breach"
        },
        {
          "caseId": "907ef248-7190-4126-ae41-69d0b9c44370",
          "caseValue": "Closed"
        }
      ]
    },
    {
      "id": "cc3c078f-b132-4aeb-9553-5cc24a97c908",
      "label": "Responses",
      "environment": "HOSTED",
      "presentation": "{\"w\":100,\"x\":909,\"h\":50,\"y\":-108}",
      "stepType": "RESPONSES"
    },
    {
      "id": "e812f23f-80f8-446b-85f6-ffda991316e4",
      "label": "xMatters Create Event - Incident",
      "environment": "HOSTED",
      "presentation": "{\"w\":60,\"x\":439,\"h\":60,\"y\":-105}",
      "step": "e01bfeea-cdba-4f0f-b8d9-c961fe870b41",
      "stepType": "CREATE_EVENT",
      "inputMappings": [
        {
          "inputPort": "input",
          "mapping": "${dd4654f4-7ed5-4855-82ae-a3756a4963ab.Name}",
          "sectionItemKey": "ecd040e7-cdcc-48e1-b0d9-2461a7f39844"
        },
        {
          "inputPort": "input",
          "mapping": "${dd4654f4-7ed5-4855-82ae-a3756a4963ab.Severity}",
          "sectionItemKey": "b08a0dce-d0c6-412f-9501-dc0c5c0ce321"
        },
        {
          "inputPort": "input",
          "mapping": "${dd4654f4-7ed5-4855-82ae-a3756a4963ab.Tags}",
          "sectionItemKey": "3109c172-c39d-4eac-a647-889b1136f789"
        },
        {
          "inputPort": "input",
          "mapping": "${dd4654f4-7ed5-4855-82ae-a3756a4963ab.Folder}",
          "sectionItemKey": "3977e782-4c1b-4365-8e08-e21df534aa42"
        },
        {
          "inputPort": "input",
          "mapping": "${dd4654f4-7ed5-4855-82ae-a3756a4963ab.ID}",
          "sectionItemKey": "02a6b473-e58e-4dbb-8466-49e39b6cb935"
        },
        {
          "inputPort": "input",
          "mapping": "${dd4654f4-7ed5-4855-82ae-a3756a4963ab.Key}",
          "sectionItemKey": "2b358d92-640b-4f3d-b54f-bfbe510bb8d5"
        },
        {
          "inputPort": "input",
          "mapping": "Status set to ${dd4654f4-7ed5-4855-82ae-a3756a4963ab.Status}",
          "sectionItemKey": "8341d428-2e16-4c5b-8930-0a685a2044aa"
        },
        {
          "inputPort": "input",
          "mapping": "${dd4654f4-7ed5-4855-82ae-a3756a4963ab.Description}",
          "sectionItemKey": "62fe88be-d9cb-44f7-a336-c0b01286b38b"
        },
        {
          "inputPort": "input",
          "mapping": "${dd4654f4-7ed5-4855-82ae-a3756a4963ab.Status}",
          "sectionItemKey": "506629d7-8749-476f-b252-ef3f263bbce0"
        },
        {
          "inputPort": "input",
          "mapping": "${dd4654f4-7ed5-4855-82ae-a3756a4963ab.Category}",
          "sectionItemKey": "970394e9-6ef7-4ca4-84c8-db55aa36512a"
        },
        {
          "inputPort": "input",
          "mapping": "${constants.Standard Fusion Base URL}/#/Core/Open/${dd4654f4-7ed5-4855-82ae-a3756a4963ab.ID}",
          "sectionItemKey": "1c1c3ebb-a951-4ea3-8046-a2edf9401287"
        },
        {
          "inputPort": "input",
          "mapping": "${dd4654f4-7ed5-4855-82ae-a3756a4963ab.Notes}",
          "sectionItemKey": "18285169-7cb5-4910-978a-bd2138b6c9a0"
        },
        {
          "inputPort": "input",
          "mapping": "${dd4654f4-7ed5-4855-82ae-a3756a4963ab.Classification}",
          "sectionItemKey": "950efd58-b50b-44c2-b849-d0cf0c3c5442"
        },
        {
          "inputPort": "input",
          "mapping": "${dd4654f4-7ed5-4855-82ae-a3756a4963ab.Incident Date}",
          "sectionItemKey": "ca7d8a73-1401-47b6-9deb-5d8d750a459f"
        }
      ]
    },
    {
      "id": "0dfa45ad-8706-4931-955c-4387177d9f21",
      "label": "xMatters Create Event - Incident",
      "environment": "HOSTED",
      "presentation": "{\"w\":60,\"x\":609,\"h\":60,\"y\":44}",
      "step": "e01bfeea-cdba-4f0f-b8d9-c961fe870b41",
      "stepType": "CREATE_EVENT",
      "inputMappings": [
        {
          "inputPort": "input",
          "mapping": "${dd4654f4-7ed5-4855-82ae-a3756a4963ab.Tags}",
          "sectionItemKey": "3109c172-c39d-4eac-a647-889b1136f789"
        },
        {
          "inputPort": "input",
          "mapping": "${dd4654f4-7ed5-4855-82ae-a3756a4963ab.Description}",
          "sectionItemKey": "62fe88be-d9cb-44f7-a336-c0b01286b38b"
        },
        {
          "inputPort": "input",
          "mapping": "${dd4654f4-7ed5-4855-82ae-a3756a4963ab.ID}",
          "sectionItemKey": "02a6b473-e58e-4dbb-8466-49e39b6cb935"
        },
        {
          "inputPort": "input",
          "mapping": "${dd4654f4-7ed5-4855-82ae-a3756a4963ab.Notes}",
          "sectionItemKey": "18285169-7cb5-4910-978a-bd2138b6c9a0"
        },
        {
          "inputPort": "input",
          "mapping": "${dd4654f4-7ed5-4855-82ae-a3756a4963ab.Classification}",
          "sectionItemKey": "950efd58-b50b-44c2-b849-d0cf0c3c5442"
        },
        {
          "inputPort": "input",
          "mapping": "${dd4654f4-7ed5-4855-82ae-a3756a4963ab.Name}",
          "sectionItemKey": "ecd040e7-cdcc-48e1-b0d9-2461a7f39844"
        },
        {
          "inputPort": "input",
          "mapping": "${dd4654f4-7ed5-4855-82ae-a3756a4963ab.Key}",
          "sectionItemKey": "2b358d92-640b-4f3d-b54f-bfbe510bb8d5"
        },
        {
          "inputPort": "input",
          "mapping": "${dd4654f4-7ed5-4855-82ae-a3756a4963ab.Status}",
          "sectionItemKey": "506629d7-8749-476f-b252-ef3f263bbce0"
        },
        {
          "inputPort": "input",
          "mapping": "${dd4654f4-7ed5-4855-82ae-a3756a4963ab.Incident Date}",
          "sectionItemKey": "ca7d8a73-1401-47b6-9deb-5d8d750a459f"
        },
        {
          "inputPort": "input",
          "mapping": "${constants.Standard Fusion Base URL}/#/Core/Open/${dd4654f4-7ed5-4855-82ae-a3756a4963ab.ID}",
          "sectionItemKey": "1c1c3ebb-a951-4ea3-8046-a2edf9401287"
        },
        {
          "inputPort": "input",
          "mapping": "${dd4654f4-7ed5-4855-82ae-a3756a4963ab.Folder}",
          "sectionItemKey": "3977e782-4c1b-4365-8e08-e21df534aa42"
        },
        {
          "inputPort": "input",
          "mapping": "${dd4654f4-7ed5-4855-82ae-a3756a4963ab.Severity}",
          "sectionItemKey": "b08a0dce-d0c6-412f-9501-dc0c5c0ce321"
        },
        {
          "inputPort": "input",
          "mapping": "${dd4654f4-7ed5-4855-82ae-a3756a4963ab.Category}",
          "sectionItemKey": "970394e9-6ef7-4ca4-84c8-db55aa36512a"
        },
        {
          "inputPort": "input",
          "mapping": "Incident moved to ${dd4654f4-7ed5-4855-82ae-a3756a4963ab.Status}",
          "sectionItemKey": "8341d428-2e16-4c5b-8930-0a685a2044aa"
        }
      ]
    }
  ],
  "edges": [
    {
      "fromBlock": "dd4654f4-7ed5-4855-82ae-a3756a4963ab",
      "fromPort": "output",
      "toBlock": "579fc23b-34c3-40d9-a820-5b0302599268",
      "toPort": "input"
    },
    {
      "fromBlock": "579fc23b-34c3-40d9-a820-5b0302599268",
      "fromPort": "1981802f-884c-4ba0-8525-0972d3ef8578",
      "toBlock": "e812f23f-80f8-446b-85f6-ffda991316e4",
      "toPort": "input"
    },
    {
      "fromBlock": "579fc23b-34c3-40d9-a820-5b0302599268",
      "fromPort": "34dfe880-e5ab-4433-9d15-3fc561e8881d",
      "toBlock": "0dfa45ad-8706-4931-955c-4387177d9f21",
      "toPort": "input"
    },
    {
      "fromBlock": "579fc23b-34c3-40d9-a820-5b0302599268",
      "fromPort": "907ef248-7190-4126-ae41-69d0b9c44370",
      "toBlock": "0dfa45ad-8706-4931-955c-4387177d9f21",
      "toPort": "input"
    }
  ]
}