{
  "name": "Incident",
  "form": "73e5e04a-2197-4ba4-b59e-390cd5640c25",
  "blocks": [
    {
      "id": "be6d4c96-1ae9-4a42-abf8-74a9f70a64c0",
      "label": "Incident - Inbound from Standard Fusion",
      "environment": "HOSTED",
      "presentation": "{\"w\":60,\"x\":-27,\"h\":60,\"y\":-255}",
      "step": "c4fd3952-452b-4666-9201-4fcf1ac2cb9b",
      "stepType": "INTEGRATION"
    },
    {
      "id": "d5c69953-5e14-4c25-87ac-c59a50b0ff4f",
      "label": "New or Update?",
      "environment": "HOSTED",
      "presentation": "{\"w\":60,\"x\":210,\"h\":60,\"y\":-240}",
      "stepType": "SWITCH",
      "inputMappings": [
        {
          "inputPort": "input",
          "mapping": "${be6d4c96-1ae9-4a42-abf8-74a9f70a64c0.Status}"
        }
      ],
      "switchCases": [
        {
          "caseId": "e5291ab7-7a9c-450c-bd50-4aec59729f8c",
          "caseValue": "Open"
        },
        {
          "caseId": "90d0b9ae-8246-4609-b108-7e06e0e48e56",
          "caseValue": "Breach"
        },
        {
          "caseId": "f39ff591-f2b7-4193-b5da-a36e578f76a3",
          "caseValue": "Closed"
        }
      ]
    },
    {
      "id": "aedbc4a9-bf6a-4760-9619-30b3abaaf8c3",
      "label": "xMatters Create Event - Incident",
      "environment": "HOSTED",
      "presentation": "{\"w\":60,\"x\":439,\"h\":60,\"y\":-105}",
      "step": "73e5e04a-2197-4ba4-b59e-390cd5640c25",
      "stepType": "CREATE_EVENT",
      "inputMappings": [
        {
          "inputPort": "input",
          "mapping": "${be6d4c96-1ae9-4a42-abf8-74a9f70a64c0.Name}",
          "sectionItemKey": "7e074986-54fa-44e5-a594-3532be025f81"
        },
        {
          "inputPort": "input",
          "mapping": "Status set to ${be6d4c96-1ae9-4a42-abf8-74a9f70a64c0.Status}",
          "sectionItemKey": "53f3df87-18ba-4485-9820-4f19c1ff4348"
        },
        {
          "inputPort": "input",
          "mapping": "${be6d4c96-1ae9-4a42-abf8-74a9f70a64c0.Tags}",
          "sectionItemKey": "a9ca263b-a2f2-4b9a-88f0-5f4550548298"
        },
        {
          "inputPort": "input",
          "mapping": "${constants.Standard Fusion Base URL}/#/Core/Open/${be6d4c96-1ae9-4a42-abf8-74a9f70a64c0.ID}",
          "sectionItemKey": "a02b8e98-9c4d-4b14-a32a-ef0700c34134"
        },
        {
          "inputPort": "input",
          "mapping": "${be6d4c96-1ae9-4a42-abf8-74a9f70a64c0.Key}",
          "sectionItemKey": "21f0af1e-5237-4267-bf9c-9bffae64b3c4"
        },
        {
          "inputPort": "input",
          "mapping": "${be6d4c96-1ae9-4a42-abf8-74a9f70a64c0.Status}",
          "sectionItemKey": "729ec1e8-9f67-42c4-af40-2fd7a5f008c6"
        },
        {
          "inputPort": "input",
          "mapping": "${be6d4c96-1ae9-4a42-abf8-74a9f70a64c0.Incident Date}",
          "sectionItemKey": "f727e0c4-8136-45e0-9191-f75fdd6bf593"
        },
        {
          "inputPort": "input",
          "mapping": "${be6d4c96-1ae9-4a42-abf8-74a9f70a64c0.Severity}",
          "sectionItemKey": "25bfc563-416a-4347-9916-a1e3f44b6d86"
        },
        {
          "inputPort": "input",
          "mapping": "${be6d4c96-1ae9-4a42-abf8-74a9f70a64c0.Classification}",
          "sectionItemKey": "00ca517b-7cf9-492d-b97d-0fc2cf86e8fe"
        },
        {
          "inputPort": "input",
          "mapping": "${be6d4c96-1ae9-4a42-abf8-74a9f70a64c0.ID}",
          "sectionItemKey": "11699058-2f11-4ed6-be35-33ee627dec33"
        },
        {
          "inputPort": "input",
          "mapping": "${be6d4c96-1ae9-4a42-abf8-74a9f70a64c0.Description}",
          "sectionItemKey": "f6f3c4c4-d358-4f2d-bc41-823266f9df63"
        },
        {
          "inputPort": "input",
          "mapping": "${be6d4c96-1ae9-4a42-abf8-74a9f70a64c0.Notes}",
          "sectionItemKey": "56b5b197-60a0-4e64-85f1-269c3365903e"
        },
        {
          "inputPort": "input",
          "mapping": "${be6d4c96-1ae9-4a42-abf8-74a9f70a64c0.Folder}",
          "sectionItemKey": "087d889d-4010-42b8-802f-ce3886a29063"
        },
        {
          "inputPort": "input",
          "mapping": "${be6d4c96-1ae9-4a42-abf8-74a9f70a64c0.Category}",
          "sectionItemKey": "9c4c3ecb-3f25-4925-a58d-0a878de0207a"
        }
      ]
    },
    {
      "id": "b466b6fd-a159-4eea-af0f-385f71cf2c2c",
      "label": "xMatters Create Event - Incident",
      "environment": "HOSTED",
      "presentation": "{\"w\":60,\"x\":609,\"h\":60,\"y\":44}",
      "step": "73e5e04a-2197-4ba4-b59e-390cd5640c25",
      "stepType": "CREATE_EVENT",
      "inputMappings": [
        {
          "inputPort": "input",
          "mapping": "${be6d4c96-1ae9-4a42-abf8-74a9f70a64c0.Tags}",
          "sectionItemKey": "a9ca263b-a2f2-4b9a-88f0-5f4550548298"
        },
        {
          "inputPort": "input",
          "mapping": "${be6d4c96-1ae9-4a42-abf8-74a9f70a64c0.Status}",
          "sectionItemKey": "729ec1e8-9f67-42c4-af40-2fd7a5f008c6"
        },
        {
          "inputPort": "input",
          "mapping": "${be6d4c96-1ae9-4a42-abf8-74a9f70a64c0.Folder}",
          "sectionItemKey": "087d889d-4010-42b8-802f-ce3886a29063"
        },
        {
          "inputPort": "input",
          "mapping": "${be6d4c96-1ae9-4a42-abf8-74a9f70a64c0.Description}",
          "sectionItemKey": "f6f3c4c4-d358-4f2d-bc41-823266f9df63"
        },
        {
          "inputPort": "input",
          "mapping": "${be6d4c96-1ae9-4a42-abf8-74a9f70a64c0.Classification}",
          "sectionItemKey": "00ca517b-7cf9-492d-b97d-0fc2cf86e8fe"
        },
        {
          "inputPort": "input",
          "mapping": "${constants.Standard Fusion Base URL}/#/Core/Open/${be6d4c96-1ae9-4a42-abf8-74a9f70a64c0.ID}",
          "sectionItemKey": "a02b8e98-9c4d-4b14-a32a-ef0700c34134"
        },
        {
          "inputPort": "input",
          "mapping": "${be6d4c96-1ae9-4a42-abf8-74a9f70a64c0.Severity}",
          "sectionItemKey": "25bfc563-416a-4347-9916-a1e3f44b6d86"
        },
        {
          "inputPort": "input",
          "mapping": "${be6d4c96-1ae9-4a42-abf8-74a9f70a64c0.Key}",
          "sectionItemKey": "21f0af1e-5237-4267-bf9c-9bffae64b3c4"
        },
        {
          "inputPort": "input",
          "mapping": "${be6d4c96-1ae9-4a42-abf8-74a9f70a64c0.ID}",
          "sectionItemKey": "11699058-2f11-4ed6-be35-33ee627dec33"
        },
        {
          "inputPort": "input",
          "mapping": "${be6d4c96-1ae9-4a42-abf8-74a9f70a64c0.Incident Date}",
          "sectionItemKey": "f727e0c4-8136-45e0-9191-f75fdd6bf593"
        },
        {
          "inputPort": "input",
          "mapping": "${be6d4c96-1ae9-4a42-abf8-74a9f70a64c0.Notes}",
          "sectionItemKey": "56b5b197-60a0-4e64-85f1-269c3365903e"
        },
        {
          "inputPort": "input",
          "mapping": "${be6d4c96-1ae9-4a42-abf8-74a9f70a64c0.Category}",
          "sectionItemKey": "9c4c3ecb-3f25-4925-a58d-0a878de0207a"
        },
        {
          "inputPort": "input",
          "mapping": "Incident moved to ${be6d4c96-1ae9-4a42-abf8-74a9f70a64c0.Status}",
          "sectionItemKey": "53f3df87-18ba-4485-9820-4f19c1ff4348"
        },
        {
          "inputPort": "input",
          "mapping": "${be6d4c96-1ae9-4a42-abf8-74a9f70a64c0.Name}",
          "sectionItemKey": "7e074986-54fa-44e5-a594-3532be025f81"
        }
      ]
    }
  ],
  "edges": [
    {
      "fromBlock": "be6d4c96-1ae9-4a42-abf8-74a9f70a64c0",
      "fromPort": "output",
      "toBlock": "d5c69953-5e14-4c25-87ac-c59a50b0ff4f",
      "toPort": "input"
    },
    {
      "fromBlock": "d5c69953-5e14-4c25-87ac-c59a50b0ff4f",
      "fromPort": "e5291ab7-7a9c-450c-bd50-4aec59729f8c",
      "toBlock": "aedbc4a9-bf6a-4760-9619-30b3abaaf8c3",
      "toPort": "input"
    },
    {
      "fromBlock": "d5c69953-5e14-4c25-87ac-c59a50b0ff4f",
      "fromPort": "90d0b9ae-8246-4609-b108-7e06e0e48e56",
      "toBlock": "b466b6fd-a159-4eea-af0f-385f71cf2c2c",
      "toPort": "input"
    },
    {
      "fromBlock": "d5c69953-5e14-4c25-87ac-c59a50b0ff4f",
      "fromPort": "f39ff591-f2b7-4193-b5da-a36e578f76a3",
      "toBlock": "b466b6fd-a159-4eea-af0f-385f71cf2c2c",
      "toPort": "input"
    }
  ]
}