{
  "integrations": [
    {
      "id": "403c0adb-3426-4f0e-8d22-76e5dca035e6",
      "name": "Incident - Acknowledge",
      "action": "RUN_SCRIPT",
      "type": "OUTBOUND_WEBHOOK",
      "triggeredBy": "RESPONSE",
      "responseChoice": "Acknowledge",
      "deployed": true,
      "form": "e01bfeea-cdba-4f0f-b8d9-c961fe870b41",
      "environment": "HOSTED",
      "authType": "NONE",
      "createdBy": "FLOW"
    },
    {
      "id": "c55284c7-b7db-4198-a41f-021ad0763bf2",
      "name": "Incident - Escalate",
      "action": "RUN_SCRIPT",
      "type": "OUTBOUND_WEBHOOK",
      "triggeredBy": "RESPONSE",
      "responseChoice": "Escalate",
      "deployed": true,
      "form": "e01bfeea-cdba-4f0f-b8d9-c961fe870b41",
      "environment": "HOSTED",
      "authType": "NONE",
      "createdBy": "FLOW"
    },
    {
      "id": "15998acf-0056-40f5-a4fb-3d70885692c2",
      "name": "Incident - Inbound from Standard Fusion",
      "action": "RUN_SCRIPT",
      "type": "INBOUND_WEBHOOK",
      "deployed": true,
      "form": "e01bfeea-cdba-4f0f-b8d9-c961fe870b41",
      "environment": "HOSTED",
      "authType": "URL",
      "createdBy": "FLOW",
      "integrationScriptStepUuid": "44bb053f-012d-457d-afc8-5b4937d90ad9"
    }
  ],
  "endpoints": [],
  "constants": [
    {
      "name": "Slack Bot ID",
      "value": "D532X7",
      "description": ""
    },
    {
      "name": "Standard Fusion Base URL",
      "value": "https://xmatters.standardfusion.net/",
      "description": "The base url for the Standard Fusion instance"
    }
  ]
}