[
  {
    "id": "44bb053f-012d-457d-afc8-5b4937d90ad9",
    "name": "Inbound from Standard Fusion",
    "description": "",
    "icon": "http://s3-xmatters-static.s3.amazonaws.com/null/customers/99cee7bb-651f-4a52-b7fe-3a9af00d22f9/IMAGE__20191206181131788__standardfusion-logo.png",
    "script": "var data = JSON.parse( request.body );\n\n\noutput['ID']             = data[ 'ID' ]\noutput['Description']    = data[ 'Description' ]\noutput['Status']         = data[ 'Status' ]\noutput['Notes']          = data[ 'Notes' ]\noutput['Owner']          = data[ 'Owner' ]\noutput['Key']            = data[ 'Key' ]\noutput['Name']           = data[ 'Name' ]\noutput['Severity']       = data[ 'Severity' ]\noutput['Incident Date']  = data[ 'Incident Date' ]\noutput['Folder']         = data[ 'Folder' ]\noutput['Category']       = data[ 'Category' ]\noutput['Tags']           = data[ 'Tags' ]\noutput['Classification'] = data[ 'Classification' ]",
    "endpointLabel": "",
    "allowedEnvironment": "HOSTED",
    "accessibleByAll": "NotShared",
    "triggerAuthType": "URL_AUTH",
    "scriptStepType": "CUSTOM_HTTP",
    "inputs": [],
    "outputs": [
      {
        "id": "d1b02de0-5b43-472a-a4f3-104971467d6f",
        "name": "ID",
        "description": "",
        "position": 0
      },
      {
        "id": "c540d775-ade5-418c-a0ed-440dae10ea1b",
        "name": "Description",
        "description": "",
        "position": 1
      },
      {
        "id": "a6dd603a-3520-46c9-87e4-d13a0196ca83",
        "name": "Status",
        "description": "",
        "position": 2
      },
      {
        "id": "0d1dae62-9a39-4fbb-9d56-dfe36d3f2bd9",
        "name": "Notes",
        "description": "",
        "position": 3
      },
      {
        "id": "1b3b637e-12f1-456e-bd49-c5426bf61dbd",
        "name": "Owner",
        "description": "",
        "position": 4
      },
      {
        "id": "3ca50a8b-5af6-4703-b57a-0803c1bb653d",
        "name": "Key",
        "description": "",
        "position": 5
      },
      {
        "id": "5a137122-4eb4-40a8-a882-fe96a780da59",
        "name": "Name",
        "description": "",
        "position": 6
      },
      {
        "id": "aa252ebd-d87a-4833-bda5-f1675064c22d",
        "name": "Severity",
        "description": "",
        "position": 7
      },
      {
        "id": "c775d324-378f-42f5-bf91-47802a8e1366",
        "name": "Incident Date",
        "description": "",
        "position": 8
      },
      {
        "id": "e00945bc-b2ea-4838-af91-88fec1659ab8",
        "name": "Folder",
        "description": "",
        "position": 9
      },
      {
        "id": "2faac68f-c64d-4dee-8b0c-259631b74c1a",
        "name": "Category",
        "description": "",
        "position": 10
      },
      {
        "id": "1a11bdb3-efea-44c1-914c-1d456c359a6a",
        "name": "Tags",
        "description": "",
        "position": 11
      },
      {
        "id": "a1458bc0-cbfc-44b5-b754-d6c6b31248f8",
        "name": "Classification",
        "description": "",
        "position": 12
      }
    ],
    "libraries": []
  }
]