[
  {
    "baseType": 3,
    "name": "Category",
    "defaultValue": "",
    "description": "",
    "helpText": "",
    "isSystem": false,
    "minLength": 0,
    "maxLength": 1000,
    "validationRegex": "",
    "isValidate": false,
    "uuid": "9c4c3ecb-3f25-4925-a58d-0a878de0207a"
  },
  {
    "baseType": 3,
    "name": "Classification",
    "defaultValue": "",
    "description": "",
    "helpText": "",
    "isSystem": false,
    "minLength": 0,
    "maxLength": 200,
    "validationRegex": "",
    "isValidate": false,
    "uuid": "00ca517b-7cf9-492d-b97d-0fc2cf86e8fe"
  },
  {
    "baseType": 3,
    "name": "Description",
    "defaultValue": "",
    "description": "",
    "helpText": "",
    "isSystem": false,
    "minLength": 0,
    "maxLength": 20000,
    "validationRegex": "",
    "isValidate": false,
    "uuid": "f6f3c4c4-d358-4f2d-bc41-823266f9df63"
  },
  {
    "baseType": 3,
    "name": "Folder",
    "defaultValue": "",
    "description": "",
    "helpText": "",
    "isSystem": false,
    "minLength": 0,
    "maxLength": 500,
    "validationRegex": "",
    "isValidate": false,
    "uuid": "087d889d-4010-42b8-802f-ce3886a29063"
  },
  {
    "baseType": 3,
    "name": "ID",
    "defaultValue": "",
    "description": "",
    "helpText": "",
    "isSystem": false,
    "minLength": 0,
    "maxLength": 100,
    "validationRegex": "",
    "isValidate": false,
    "uuid": "11699058-2f11-4ed6-be35-33ee627dec33"
  },
  {
    "baseType": 3,
    "name": "Incident Close Date",
    "defaultValue": "",
    "description": "",
    "helpText": "",
    "isSystem": false,
    "minLength": 0,
    "maxLength": 200,
    "validationRegex": "",
    "isValidate": false,
    "uuid": "93f4f2a9-6f98-4247-8106-08cbcc783a71"
  },
  {
    "baseType": 3,
    "name": "Incident Date",
    "defaultValue": "",
    "description": "",
    "helpText": "",
    "isSystem": false,
    "minLength": 0,
    "maxLength": 100,
    "validationRegex": "",
    "isValidate": false,
    "uuid": "f727e0c4-8136-45e0-9191-f75fdd6bf593"
  },
  {
    "baseType": 3,
    "name": "Key",
    "defaultValue": "",
    "description": "",
    "helpText": "",
    "isSystem": false,
    "minLength": 0,
    "maxLength": 200,
    "validationRegex": "",
    "isValidate": false,
    "uuid": "21f0af1e-5237-4267-bf9c-9bffae64b3c4"
  },
  {
    "baseType": 3,
    "name": "Link",
    "defaultValue": "",
    "description": "",
    "helpText": "",
    "isSystem": false,
    "minLength": 0,
    "maxLength": 400,
    "validationRegex": "",
    "isValidate": false,
    "uuid": "a02b8e98-9c4d-4b14-a32a-ef0700c34134"
  },
  {
    "baseType": 3,
    "name": "Name",
    "defaultValue": "",
    "description": "",
    "helpText": "",
    "isSystem": false,
    "minLength": 0,
    "maxLength": 500,
    "validationRegex": "",
    "isValidate": false,
    "uuid": "7e074986-54fa-44e5-a594-3532be025f81"
  },
  {
    "baseType": 3,
    "name": "Notes",
    "defaultValue": "",
    "description": "",
    "helpText": "",
    "isSystem": false,
    "minLength": 0,
    "maxLength": 20000,
    "validationRegex": "",
    "isValidate": false,
    "uuid": "56b5b197-60a0-4e64-85f1-269c3365903e"
  },
  {
    "baseType": 3,
    "name": "Severity",
    "defaultValue": "",
    "description": "",
    "helpText": "",
    "isSystem": false,
    "minLength": 0,
    "maxLength": 30,
    "validationRegex": "",
    "isValidate": false,
    "uuid": "25bfc563-416a-4347-9916-a1e3f44b6d86"
  },
  {
    "baseType": 3,
    "name": "Status",
    "defaultValue": "",
    "description": "",
    "helpText": "",
    "isSystem": false,
    "minLength": 0,
    "maxLength": 100,
    "validationRegex": "",
    "isValidate": false,
    "uuid": "729ec1e8-9f67-42c4-af40-2fd7a5f008c6"
  },
  {
    "baseType": 3,
    "name": "Tags",
    "defaultValue": "",
    "description": "",
    "helpText": "",
    "isSystem": false,
    "minLength": 0,
    "maxLength": 10000,
    "validationRegex": "",
    "isValidate": false,
    "uuid": "a9ca263b-a2f2-4b9a-88f0-5f4550548298"
  },
  {
    "baseType": 3,
    "name": "Trigger Rule",
    "defaultValue": "",
    "description": "",
    "helpText": "",
    "isSystem": false,
    "minLength": 0,
    "maxLength": 500,
    "validationRegex": "",
    "isValidate": false,
    "uuid": "53f3df87-18ba-4485-9820-4f19c1ff4348"
  }
]