[
  {
    "baseType": 3,
    "name": "Category",
    "defaultValue": "",
    "description": "",
    "helpText": "",
    "isSystem": false,
    "minLength": 0,
    "maxLength": 1000,
    "validationRegex": "",
    "isValidate": false,
    "uuid": "970394e9-6ef7-4ca4-84c8-db55aa36512a"
  },
  {
    "baseType": 3,
    "name": "Classification",
    "defaultValue": "",
    "description": "",
    "helpText": "",
    "isSystem": false,
    "minLength": 0,
    "maxLength": 200,
    "validationRegex": "",
    "isValidate": false,
    "uuid": "950efd58-b50b-44c2-b849-d0cf0c3c5442"
  },
  {
    "baseType": 3,
    "name": "Description",
    "defaultValue": "",
    "description": "",
    "helpText": "",
    "isSystem": false,
    "minLength": 0,
    "maxLength": 20000,
    "validationRegex": "",
    "isValidate": false,
    "uuid": "62fe88be-d9cb-44f7-a336-c0b01286b38b"
  },
  {
    "baseType": 3,
    "name": "Folder",
    "defaultValue": "",
    "description": "",
    "helpText": "",
    "isSystem": false,
    "minLength": 0,
    "maxLength": 500,
    "validationRegex": "",
    "isValidate": false,
    "uuid": "3977e782-4c1b-4365-8e08-e21df534aa42"
  },
  {
    "baseType": 3,
    "name": "ID",
    "defaultValue": "",
    "description": "",
    "helpText": "",
    "isSystem": false,
    "minLength": 0,
    "maxLength": 100,
    "validationRegex": "",
    "isValidate": false,
    "uuid": "02a6b473-e58e-4dbb-8466-49e39b6cb935"
  },
  {
    "baseType": 3,
    "name": "Incident Close Date",
    "defaultValue": "",
    "description": "",
    "helpText": "",
    "isSystem": false,
    "minLength": 0,
    "maxLength": 200,
    "validationRegex": "",
    "isValidate": false,
    "uuid": "96256a9a-e5b2-4952-bb94-5b899478dbaf"
  },
  {
    "baseType": 3,
    "name": "Incident Date",
    "defaultValue": "",
    "description": "",
    "helpText": "",
    "isSystem": false,
    "minLength": 0,
    "maxLength": 100,
    "validationRegex": "",
    "isValidate": false,
    "uuid": "ca7d8a73-1401-47b6-9deb-5d8d750a459f"
  },
  {
    "baseType": 3,
    "name": "Key",
    "defaultValue": "",
    "description": "",
    "helpText": "",
    "isSystem": false,
    "minLength": 0,
    "maxLength": 200,
    "validationRegex": "",
    "isValidate": false,
    "uuid": "2b358d92-640b-4f3d-b54f-bfbe510bb8d5"
  },
  {
    "baseType": 3,
    "name": "Link",
    "defaultValue": "",
    "description": "",
    "helpText": "",
    "isSystem": false,
    "minLength": 0,
    "maxLength": 400,
    "validationRegex": "",
    "isValidate": false,
    "uuid": "1c1c3ebb-a951-4ea3-8046-a2edf9401287"
  },
  {
    "baseType": 3,
    "name": "Name",
    "defaultValue": "",
    "description": "",
    "helpText": "",
    "isSystem": false,
    "minLength": 0,
    "maxLength": 500,
    "validationRegex": "",
    "isValidate": false,
    "uuid": "ecd040e7-cdcc-48e1-b0d9-2461a7f39844"
  },
  {
    "baseType": 3,
    "name": "Notes",
    "defaultValue": "",
    "description": "",
    "helpText": "",
    "isSystem": false,
    "minLength": 0,
    "maxLength": 20000,
    "validationRegex": "",
    "isValidate": false,
    "uuid": "18285169-7cb5-4910-978a-bd2138b6c9a0"
  },
  {
    "baseType": 3,
    "name": "Severity",
    "defaultValue": "",
    "description": "",
    "helpText": "",
    "isSystem": false,
    "minLength": 0,
    "maxLength": 30,
    "validationRegex": "",
    "isValidate": false,
    "uuid": "b08a0dce-d0c6-412f-9501-dc0c5c0ce321"
  },
  {
    "baseType": 3,
    "name": "Status",
    "defaultValue": "",
    "description": "",
    "helpText": "",
    "isSystem": false,
    "minLength": 0,
    "maxLength": 100,
    "validationRegex": "",
    "isValidate": false,
    "uuid": "506629d7-8749-476f-b252-ef3f263bbce0"
  },
  {
    "baseType": 3,
    "name": "Tags",
    "defaultValue": "",
    "description": "",
    "helpText": "",
    "isSystem": false,
    "minLength": 0,
    "maxLength": 10000,
    "validationRegex": "",
    "isValidate": false,
    "uuid": "3109c172-c39d-4eac-a647-889b1136f789"
  },
  {
    "baseType": 3,
    "name": "Trigger Rule",
    "defaultValue": "",
    "description": "",
    "helpText": "",
    "isSystem": false,
    "minLength": 0,
    "maxLength": 500,
    "validationRegex": "",
    "isValidate": false,
    "uuid": "8341d428-2e16-4c5b-8930-0a685a2044aa"
  }
]