{
  "integrations": [
    {
      "id": "c4fd3952-452b-4666-9201-4fcf1ac2cb9b",
      "name": "Incident - Inbound from Standard Fusion",
      "action": "RUN_SCRIPT",
      "type": "INBOUND_WEBHOOK",
      "deployed": true,
      "form": "73e5e04a-2197-4ba4-b59e-390cd5640c25",
      "environment": "HOSTED",
      "authType": "URL",
      "createdBy": "FLOW",
      "integrationScriptStepUuid": "c811ce13-ff7c-4e01-a53c-6b5fef725640"
    }
  ],
  "endpoints": [],
  "constants": [
    {
      "name": "Slack Bot ID",
      "value": "D532X7",
      "description": ""
    },
    {
      "name": "Standard Fusion Base URL",
      "value": "https://xmatters.standardfusion.net/",
      "description": "The base url for the Standard Fusion instance"
    }
  ]
}