[
  {
    "id": "c811ce13-ff7c-4e01-a53c-6b5fef725640",
    "name": "Inbound from Standard Fusion",
    "description": "",
    "icon": "http://s3-xmatters-static.s3.amazonaws.com/null/customers/99cee7bb-651f-4a52-b7fe-3a9af00d22f9/IMAGE__20191206181131788__standardfusion-logo.png",
    "script": "var data = JSON.parse( request.body );\n\n\noutput['ID']             = data[ 'ID' ]\noutput['Description']    = data[ 'Description' ]\noutput['Status']         = data[ 'Status' ]\noutput['Notes']          = data[ 'Notes' ]\noutput['Owner']          = data[ 'Owner' ]\noutput['Key']            = data[ 'Key' ]\noutput['Name']           = data[ 'Name' ]\noutput['Severity']       = data[ 'Severity' ]\noutput['Incident Date']  = data[ 'Incident Date' ]\noutput['Folder']         = data[ 'Folder' ]\noutput['Category']       = data[ 'Category' ]\noutput['Tags']           = data[ 'Tags' ]\noutput['Classification'] = data[ 'Classification' ]",
    "endpointLabel": "",
    "allowedEnvironment": "HOSTED",
    "accessibleByAll": "NotShared",
    "triggerAuthType": "URL_AUTH",
    "scriptStepType": "CUSTOM_HTTP",
    "inputs": [],
    "outputs": [
      {
        "id": "0ba5a9ff-2345-414d-9f6b-46384b51b0b6",
        "name": "ID",
        "description": "",
        "position": 0
      },
      {
        "id": "19f4491c-1219-49e5-ac21-895aecab239b",
        "name": "Description",
        "description": "",
        "position": 1
      },
      {
        "id": "9a3a7ede-5591-4d32-ad57-6ae7d00bad67",
        "name": "Status",
        "description": "",
        "position": 2
      },
      {
        "id": "98eea499-2454-444d-8658-8885fc6d35d6",
        "name": "Notes",
        "description": "",
        "position": 3
      },
      {
        "id": "e771b41c-4b51-468f-98e9-1b0b7a4f992d",
        "name": "Owner",
        "description": "",
        "position": 4
      },
      {
        "id": "fc619c85-68a1-4c79-9d75-7c607de56696",
        "name": "Key",
        "description": "",
        "position": 5
      },
      {
        "id": "dcd2171e-7385-4505-a44f-639a27efe904",
        "name": "Name",
        "description": "",
        "position": 6
      },
      {
        "id": "62d16eae-643b-474c-aa52-62e5d532343a",
        "name": "Severity",
        "description": "",
        "position": 7
      },
      {
        "id": "1a907f81-67d2-4594-97e0-a3ef2e18f56a",
        "name": "Incident Date",
        "description": "",
        "position": 8
      },
      {
        "id": "20fe16ff-1347-47e9-a9a6-79dc0235a0da",
        "name": "Folder",
        "description": "",
        "position": 9
      },
      {
        "id": "f4320be9-9725-4a65-ab8e-3379ed479f12",
        "name": "Category",
        "description": "",
        "position": 10
      },
      {
        "id": "a142c43c-bd99-4aa7-b50b-a0c2f3375940",
        "name": "Tags",
        "description": "",
        "position": 11
      },
      {
        "id": "ba0c9640-7362-4afa-9ed6-83d1b56f8cdb",
        "name": "Classification",
        "description": "",
        "position": 12
      }
    ],
    "libraries": []
  }
]